Workbook

Sheet Hoja1 (2)
B1: EMPLEADO | C1: FECHA DE ALTA
B3: AGISS VELAZQUEZ ALFREDO ALEJANDRO | C3: 0
B4: AGUEDA ALTUZAR JUAN DIEGO | C4: 1
B5: AGUILAR AGUILAR CARLOS ENRIQUE | C5: 30
B6: AGUILAR SOTO ALBERTO ISRAEL | C6: 3
B7: ALBARRAN CRUZ ANA ALEJANDRA | C7: 0
B8: ANGELES MAQUEDA DANIEL ALEJANDRO | C8: 18
B9: ARANA FRAGOSO OBED | C9: 8
B10: ARREDONDO ORTIZ ADRIANA | C10: 1
B11: ATILANO VAZQUEZ MELLADO OCTAVIO | C11: 61
B12: BALLESTEROS ZAMORA JOSE DE JESUS | C12: 0
B13: BAUTISTA MARTINEZ GERMAN EDUARDO | C13: -8
B14: BONILLA LOPEZ GISELA | C14: 9
... B202: ZARCO DOMINGUEZ OSCAR JESUS | C202: 4

Sheet Hoja1
B1: No. | C1: EMPLEADO | D1: FECHA DE ALTA | E1: DIAS TOMADOS
G2: SALDO DE VACACIONES | H2: nomina | I2: correo
B3: 1 | C3: AGISS VELAZQUEZ ALFREDO ALEJANDRO | D3: 2 | E3: 1 | G3: =D3-E3 -> 1 | H3: =VLOOKUP(C3,Hoja2!A:B,2,FALSE) -> 1421164 | I3: =VLOOKUP(C3,Hoja2!A:C,3,FALSE) -> 1a16@asokam.mx
B4: =+B3+1 -> 2 | C4: AGUEDA ALTUZAR JUAN DIEGO | D4: 3 | E4: 2 | G4: =D4-E4 -> 1 | H4: =VLOOKUP(C4,Hoja2!A:B,2,FALSE) -> 1123473 | I4: =VLOOKUP(C4,Hoja2!A:C,3,FALSE) -> 1cm4@construmedika.com
B5: =+B4+1 -> 3 | C5: AGUILAR AGUILAR CARLOS ENRIQUE | D5: 33 | E5: 3 | G5: =D5-E5 -> 30 | H5: =VLOOKUP(C5,Hoja2!A:B,2,FALSE) -> 1525231 | I5: =VLOOKUP(C5,Hoja2!A:C,3,FALSE) -> 2g6@lefarma.com.mx
B6: =+B5+1 -> 4 | C6: AGUILAR SOTO ALBERTO ISRAEL | D6: 3 | G6: =D6-E6 -> 3 | H6: =VLOOKUP(C6,Hoja2!A:B,2,FALSE) -> 1420484 | I6: =VLOOKUP(C6,Hoja2!A:C,3,FALSE) -> 1a14@asokam.mx
B7: =+B6+1 -> 5 | C7: ALBARRAN CRUZ ANA ALEJANDRA | D7: 8 | E7: 8 | G7: =D7-E7 -> 0 | H7: =VLOOKUP(C7,Hoja2!A:B,2,FALSE) -> 1526292 | I7: =VLOOKUP(C7,Hoja2!A:C,3,FALSE) -> 2g22@lefarma.com.mx
B8: =+B7+1 -> 6 | C8: ANGELES MAQUEDA DANIEL ALEJANDRO | D8: 19 | G8: =D8-E8 -> 19 | H8: =VLOOKUP(C8,Hoja2!A:B,2,FALSE) -> 1525230 | I8: =VLOOKUP(C8,Hoja2!A:C,3,FALSE) -> 2g8@lefarma.com.mx
B9: =+B8+1 -> 7 | C9: ARANA FRAGOSO OBED | D9: 10 | E9: 2 | G9: =D9-E9 -> 8 | H9: =VLOOKUP(C9,Hoja2!A:B,2,FALSE) -> 1420154 | I9: =VLOOKUP(C9,Hoja2!A:C,3,FALSE) -> 1a4@asokam.mx
B10: =+B9+1 -> 8 | C10: ARREDONDO ORTIZ ADRIANA | D10: 2 | E10: 1 | G10: =D10-E10 -> 1 | H10: =VLOOKUP(C10,Hoja2!A:B,2,FALSE) -> 1418286 | I10: =VLOOKUP(C10,Hoja2!A:C,3,FALSE) -> 1a41@asokam.mx
B11: =+B10+1 -> 9 | C11: VAZQUEZ MELLADO OCTAVIO ATILANO | D11: 63 | G11: =D11-E11 -> 63 | H11: =VLOOKUP(C11,Hoja2!A:B,2,FALSE) -> 1524228 | I11: =VLOOKUP(C11,Hoja2!A:C,3,FALSE) -> 2g3@lefarma.com.mx | K11: ATILANO VAZQUEZ MELLADO OCTAVIO
B12: =+B11+1 -> 10 | C12: BALLESTEROS ZAMORA JOSE DE JESUS | D12: 0 | G12: =D12-E12 -> 0 | H12: =VLOOKUP(C12,Hoja2!A:B,2,FALSE) -> 1418566 | I12: =VLOOKUP(C12,Hoja2!A:C,3,FALSE) -> 1a901@asokam.mx
B13: =+B12+1 -> 11 | C13: BAUTISTA MARTINEZ GERMAN EDUARDO | D13: -6 | E13: 1 | G13: =D13-E13 -> -7 | H13: =VLOOKUP(C13,Hoja2!A:B,2,FALSE) -> 1418528 | I13: =VLOOKUP(C13,Hoja2!A:C,3,FALSE) -> 1a902@asokam.mx
B14: =+B13+1 -> 12 | C14: BONILLA LOPEZ GISELA | D14: 10 | G14: =D14-E14 -> 10 | H14: =VLOOKUP(C14,Hoja2!A:B,2,FALSE) -> 1528219 | I14: =VLOOKUP(C14,Hoja2!A:C,3,FALSE) -> 2g900@lefarma.com.mx
B15: =+B14+1 -> 13 | C15: CARMONA GARCIA RICARDO FRANCISCO | D15: 129 | G15: =D15-E15 -> 129 | H15: =VLOOKUP(C15,Hoja2!A:B,2,FALSE) -> 1526223 | I15: =VLOOKUP(C15,Hoja2!A:C,3,FALSE) -> 2g4@lefarma.com.mx
B16: =+B15+1 -> 14 | C16: CARMONA MENDOZA ALEXIS RAUL | D16: 0 | G16: =D16-E16 -> 0 | H16: =VLOOKUP(C16,Hoja2!A:B,2,FALSE) -> 1123570 | I16: =VLOOKUP(C16,Hoja2!A:C,3,FALSE) -> 1cm6@construmedika.com
B17: =+B16+1 -> 15 | C17: CASTORENA ANGELES CINTHIA | D17: 23 | G17: =D17-E17 -> 23 | H17: =VLOOKUP(C17,Hoja2!A:B,2,FALSE) -> 1526224 | I17: =VLOOKUP(C17,Hoja2!A:C,3,FALSE) -> 2g13@lefarma.com.mx
B18: =+B17+1 -> 16 | C18: CAZARES GONZALEZ YANET | D18: 6 | G18: =D18-E18 -> 6 | H18: =VLOOKUP(C18,Hoja2!A:B,2,FALSE) -> 1417152 | I18: =VLOOKUP(C18,Hoja2!A:C,3,FALSE) -> 1a26@asokam.mx
B19: =+B18+1 -> 17 | C19: CHAVEZ CERVANTES GABRIELA | D19: -4 | G19: =D19-E19 -> -4 | H19: =VLOOKUP(C19,Hoja2!A:B,2,FALSE) -> 1524389 | I19: =VLOOKUP(C19,Hoja2!A:C,3,FALSE) -> 2g10@lefarma.com.mx
B20: =+B19+1 -> 18 | C20: CORONA CRUZ ALFREDO | D20: -10 | G20: =D20-E20 -> -10 | H20: =VLOOKUP(C20,Hoja2!A:B,2,FALSE) -> 1524227 | I20: =VLOOKUP(C20,Hoja2!A:C,3,FALSE) -> 2g12@lefarma.com.mx
B21: =+B20+1 -> 19 | C21: CRUZ GUERRERO ROBERTO | D21: 0 | G21: =D21-E21 -> 0 | H21: =VLOOKUP(C21,Hoja2!A:B,2,FALSE) -> 1417563 | I21: =VLOOKUP(C21,Hoja2!A:C,3,FALSE) -> 1a37@asokam.mx
B22: =+B21+1 -> 20 | C22: DEL VALLE RUDIÑO MIGUEL ALBERTO | D22: 139 | E22: 3 | G22: =D22-E22 -> 136 | H22: =VLOOKUP(C22,Hoja2!A:B,2,FALSE) -> 1524226 | I22: =VLOOKUP(C22,Hoja2!A:C,3,FALSE) -> 2g9@lefarma.com.mx
B23: =+B22+1 -> 21 | C23: DIAZ SAAVEDRA JORGE MAURICIO | D23: -2 | G23: =D23-E23 -> -2 | H23: =VLOOKUP(C23,Hoja2!A:B,2,FALSE) -> 1417301 | I23: =VLOOKUP(C23,Hoja2!A:C,3,FALSE) -> 1a47@asokam.mx
B24: =+B23+1 -> 22 | C24: DUPEROU LUNA PAULINA | D24: 1 | G24: =D24-E24 -> 1 | H24: =VLOOKUP(C24,Hoja2!A:B,2,FALSE) -> 1526406 | I24: =VLOOKUP(C24,Hoja2!A:C,3,FALSE) -> 2g20@lefarma.com.mx
B25: =+B24+1 -> 23 | C25: ESTRADA SANCHEZ ROYKER JOSE | D25: -3 | G25: =D25-E25 -> -3 | H25: =VLOOKUP(C25,Hoja2!A:B,2,FALSE) -> 1524412 | I25: =VLOOKUP(C25,Hoja2!A:C,3,FALSE) -> 2g21@lefarma.com.mx
B26: =+B25+1 -> 24 | C26: FLORES SANCHEZ VICTOR MANUEL | D26: -1 | E26: 2 | G26: =D26-E26 -> -3 | H26: =VLOOKUP(C26,Hoja2!A:B,2,FALSE) -> 1421163 | I26: =VLOOKUP(C26,Hoja2!A:C,3,FALSE) -> 1a34@asokam.mx
B27: =+B26+1 -> 25 | C27: GARCIA ALONSO CESAR MARTIN | D27: 1 | E27: 2 | G27: =D27-E27 -> -1 | H27: =VLOOKUP(C27,Hoja2!A:B,2,FALSE) -> 1417414 | I27: =VLOOKUP(C27,Hoja2!A:C,3,FALSE) -> 1a12@asokam.mx
B28: =+B27+1 -> 26 | C28: GARCIA GUTIERREZ SANTIAGO | D28: -9 | G28: =D28-E28 -> -9 | H28: =VLOOKUP(C28,Hoja2!A:B,2,FALSE) -> 1417499 | I28: =VLOOKUP(C28,Hoja2!A:C,3,FALSE) -> 1a6@asokam.mx
B29: =+B28+1 -> 27 | C29: GASCA HINOJOSA DANIEL | D29: 13 | G29: =D29-E29 -> 13 | H29: =VLOOKUP(C29,Hoja2!A:B,2,FALSE) -> 1627212 | I29: =VLOOKUP(C29,Hoja2!A:C,3,FALSE) -> 40@grupolefarma.com.mx
B30: =+B29+1 -> 28 | C30: GOMEZ ESQUIVEL ALEJANDRO | D30: 1 | G30: =D30-E30 -> 1 | H30: =VLOOKUP(C30,Hoja2!A:B,2,FALSE) -> 1525232 | I30: =VLOOKUP(C30,Hoja2!A:C,3,FALSE) -> 2g14@lefarma.com.mx
B31: =+B30+1 -> 29 | C31: GONZALEZ BETANZOS VICTOR MANUEL | D31: 5 | E31: 1 | G31: =D31-E31 -> 4 | H31: =VLOOKUP(C31,Hoja2!A:B,2,FALSE) -> 1416466 | I31: =VLOOKUP(C31,Hoja2!A:C,3,FALSE) -> 1a130@asokam.mx
B32: =+B31+1 -> 30 | C32: GUTIERREZ ESPINOSA ADRIANA | D32: 6 | G32: =D32-E32 -> 6 | H32: =VLOOKUP(C32,Hoja2!A:B,2,FALSE) -> 1627181 | I32: =VLOOKUP(C32,Hoja2!A:C,3,FALSE) -> 43@grupolefarma.com.mx
B33: =+B32+1 -> 31 | C33: GUZMAN CASANOVA CARLOS | D33: 8 | G33: =D33-E33 -> 8 | H33: =VLOOKUP(C33,Hoja2!A:B,2,FALSE) -> 1629309 | I33: =VLOOKUP(C33,Hoja2!A:C,3,FALSE) -> 54@grupolefarma.com.mx
B34: =+B33+1 -> 32 | C34: HERNANDEZ CANALES HILDA | D34: -8 | G34: =D34-E34 -> -8 | H34: =VLOOKUP(C34,Hoja2!A:B,2,FALSE) -> 1420155 | I34: =VLOOKUP(C34,Hoja2!A:C,3,FALSE) -> 1a32@asokam.mx
B35: =+B34+1 -> 33 | C35: HERNANDEZ GONZALEZ MARIA DEL CARMEN | D35: 0 | G35: =D35-E35 -> 0 | H35: =VLOOKUP(C35,Hoja2!A:B,2,FALSE) -> 1420549 | I35: =VLOOKUP(C35,Hoja2!A:C,3,FALSE) -> 1a17@asokam.mx
B36: =+B35+1 -> 34 | C36: HERNANDEZ ROSALES MARIA DE LOS ANGELES | D36: 139 | G36: =D36-E36 -> 139 | H36: =VLOOKUP(C36,Hoja2!A:B,2,FALSE) -> 1422148 | I36: =VLOOKUP(C36,Hoja2!A:C,3,FALSE) -> 5@grupolefarma.com.mx
B37: =+B36+1 -> 35 | C37: HIDALGO AYANEGUI ADRIAN | D37: -1 | G37: =D37-E37 -> -1 | H37: =VLOOKUP(C37,Hoja2!A:B,2,FALSE) -> 1418544 | I37: =VLOOKUP(C37,Hoja2!A:C,3,FALSE) -> 1a904@asokam.mx
B38: =+B37+1 -> 36 | C38: HIPOLITO OSORIO SUSANA | D38: 8 | G38: =D38-E38 -> 8 | H38: =VLOOKUP(C38,Hoja2!A:B,2,FALSE) -> 1528220 | I38: =VLOOKUP(C38,Hoja2!A:C,3,FALSE) -> 2g901@lefarma.com.mx
B39: =+B38+1 -> 37 | C39: HUERTA GARCIA JOSE RICARDO | D39: -4 | G39: =D39-E39 -> -4 | H39: =VLOOKUP(C39,Hoja2!A:B,2,FALSE) -> 1528247 | I39: =VLOOKUP(C39,Hoja2!A:C,3,FALSE) -> 1a11@asokam.mx
B40: =+B39+1 -> 38 | C40: JIMENEZ GIL BERENICE | D40: 2 | E40: 1 | G40: =D40-E40 -> 1 | H40: =VLOOKUP(C40,Hoja2!A:B,2,FALSE) -> 1429483 | I40: =VLOOKUP(C40,Hoja2!A:C,3,FALSE) -> 19@grupolefarma.com.mx
B41: =+B40+1 -> 39 | C41: JURADO CASTRO ALI CLAY | D41: 0 | G41: =D41-E41 -> 0 | H41: =VLOOKUP(C41,Hoja2!A:B,2,FALSE) -> 1526537 | I41: =VLOOKUP(C41,Hoja2!A:C,3,FALSE) -> 2g11@lefarma.com.mx
B42: =+B41+1 -> 40 | C42: LOPEZ LOPEZ JUAN ALEJANDRO | D42: 89 | G42: =D42-E42 -> 89 | H42: =VLOOKUP(C42,Hoja2!A:B,2,FALSE) -> 1123185 | I42: =VLOOKUP(C42,Hoja2!A:C,3,FALSE) -> 1cm13@construmedika.com
B43: =+B42+1 -> 41 | C43: LOPEZ PEREZ BLANCA ROSA | D43: -2 | G43: =D43-E43 -> -2 | H43: =VLOOKUP(C43,Hoja2!A:B,2,FALSE) -> 1418532 | I43: =VLOOKUP(C43,Hoja2!A:C,3,FALSE) -> 1a903@asokam.mx
B44: =+B43+1 -> 42 | C44: LOPEZ PEREZ EMMANUEL | D44: 6 | E44: 4 | G44: =D44-E44 -> 2 | H44: =VLOOKUP(C44,Hoja2!A:B,2,FALSE) -> 1422153 | I44: =VLOOKUP(C44,Hoja2!A:C,3,FALSE) -> 1a42@asokam.mx
B45: =+B44+1 -> 43 | C45: MALDONADO ESQUIVEL BERENICE | D45: -2 | G45: =D45-E45 -> -2 | H45: =VLOOKUP(C45,Hoja2!A:B,2,FALSE) -> 1427524 | I45: =VLOOKUP(C45,Hoja2!A:C,3,FALSE) -> 50@grupolefarma.com.mx
B46: =+B45+1 -> 44 | C46: MASCORRO ALPIDE MAXIMILIANO | D46: 4 | E46: 2 | G46: =D46-E46 -> 2 | H46: =VLOOKUP(C46,Hoja2!A:B,2,FALSE) -> 1416463 | I46: =VLOOKUP(C46,Hoja2!A:C,3,FALSE) -> 1a48@asokam.mx
B47: =+B46+1 -> 45 | C47: MIRANDA SOSA JOSE LUIS | D47: 0 | G47: =D47-E47 -> 0 | H47: =VLOOKUP(C47,Hoja2!A:B,2,FALSE) -> 1420472 | I47: =VLOOKUP(C47,Hoja2!A:C,3,FALSE) -> 1a22@asokam.mx
B48: =+B47+1 -> 46 | C48: MOISEN BRAVO GERARDO | D48: 3 | E48: 1 | G48: =D48-E48 -> 2 | H48: =VLOOKUP(C48,Hoja2!A:B,2,FALSE) -> 1428295 | I48: =VLOOKUP(C48,Hoja2!A:C,3,FALSE) -> 1a10@asokam.mx
B49: =+B48+1 -> 47 | C49: NARVAEZ OROPEZA MARCO POLO | D49: -10 | G49: =D49-E49 -> -10 | H49: =VLOOKUP(C49,Hoja2!A:B,2,FALSE) -> 1528511 | I49: =VLOOKUP(C49,Hoja2!A:C,3,FALSE) -> 44@grupolefarma.com.mx
B50: =+B49+1 -> 48 | C50: PADILLA RAMOS DANIEL MICHELL | D50: 4 | G50: =D50-E50 -> 4 | H50: =VLOOKUP(C50,Hoja2!A:B,2,FALSE) -> 1417306 | I50: =VLOOKUP(C50,Hoja2!A:C,3,FALSE) -> 1a19@asokam.mx
B51: =+B50+1 -> 49 | C51: PEÑA PORTILLO JUAN PABLO | D51: -4 | E51: 7 | G51: =D51-E51 -> -11 | H51: =VLOOKUP(C51,Hoja2!A:B,2,FALSE) -> 1417479 | I51: =VLOOKUP(C51,Hoja2!A:C,3,FALSE) -> 1a27@asokam.mx
B52: =+B51+1 -> 50 | C52: POZO URQUIZO LUIS ANTONIO | D52: 14 | G52: =D52-E52 -> 14 | H52: =VLOOKUP(C52,Hoja2!A:B,2,FALSE) -> 1422149 | I52: =VLOOKUP(C52,Hoja2!A:C,3,FALSE) -> 1a1@asokam.mx
B53: =+B52+1 -> 51 | C53: POZOS ASENCIO ALEXANDER | D53: -5 | E53: 4 | G53: =D53-E53 -> -9 | H53: =VLOOKUP(C53,Hoja2!A:B,2,FALSE) -> 1421167 | I53: =VLOOKUP(C53,Hoja2!A:C,3,FALSE) -> 1a18@asokam.mx
B54: =+B53+1 -> 52 | C54: RODRIGUEZ GARCIA PEDRO MAURICIO | D54: -2 | G54: =D54-E54 -> -2 | H54: =VLOOKUP(C54,Hoja2!A:B,2,FALSE) -> 1528516 | I54: =VLOOKUP(C54,Hoja2!A:C,3,FALSE) -> 45@grupolefarma.com.mx
B55: =+B54+1 -> 53 | C55: RODRIGUEZ SANTANA CARLOS ALBERTO | D55: 10 | E55: 2 | G55: =D55-E55 -> 8 | H55: =VLOOKUP(C55,Hoja2!A:B,2,FALSE) -> 1414298 | I55: =VLOOKUP(C55,Hoja2!A:C,3,FALSE) -> 1a40@asokam.mx
B56: =+B55+1 -> 54 | C56: ROJAS GUERRA OLGA | D56: 14 | G56: =D56-E56 -> 14 | H56: =VLOOKUP(C56,Hoja2!A:B,2,FALSE) -> 1428179 | I56: =VLOOKUP(C56,Hoja2!A:C,3,FALSE) -> 1a900@asokam.mx
B57: =+B56+1 -> 55 | C57: SANTANA ALCANTARA ERIK | D57: 50 | E57: 1 | G57: =D57-E57 -> 49 | H57: =VLOOKUP(C57,Hoja2!A:B,2,FALSE) -> 1422180 | I57: =VLOOKUP(C57,Hoja2!A:C,3,FALSE) -> 33@grupolefarma.com.mx
B58: =+B57+1 -> 56 | C58: SANTILLAN BAEZ ANGELICA | D58: 109 | G58: =D58-E58 -> 109 | H58: =VLOOKUP(C58,Hoja2!A:B,2,FALSE) -> 1526222 | I58: =VLOOKUP(C58,Hoja2!A:C,3,FALSE) -> 2g2@lefarma.com.mx
B59: =+B58+1 -> 57 | C59: SOTO EVARISTO JORGE ADRIAN | D59: 1 | E59: 3 | G59: =D59-E59 -> -2 | H59: =VLOOKUP(C59,Hoja2!A:B,2,FALSE) -> 1114446 | I59: =VLOOKUP(C59,Hoja2!A:C,3,FALSE) -> 1a33@asokam.mx
B60: =+B59+1 -> 58 | C60: TORIJA NIETO ROBERTO | D60: 53 | E60: 1 | G60: =D60-E60 -> 52 | H60: =VLOOKUP(C60,Hoja2!A:B,2,FALSE) -> 1419172 | I60: =VLOOKUP(C60,Hoja2!A:C,3,FALSE) -> 1a129@asokam.mx
B61: =+B60+1 -> 59 | C61: TRANQUILINO MARTINEZ ERICK | D61: 10 | G61: =D61-E61 -> 10 | H61: =VLOOKUP(C61,Hoja2!A:B,2,FALSE) -> 1528340 | I61: =VLOOKUP(C61,Hoja2!A:C,3,FALSE) -> 1a9@asokam.mx
B62: =+B61+1 -> 60 | C62: VILLASEÑOR GARDUÑO DIEGO ANGEL | D62: -10 | G62: =D62-E62 -> -10 | H62: =VLOOKUP(C62,Hoja2!A:B,2,FALSE) -> 1528494 | I62: =VLOOKUP(C62,Hoja2!A:C,3,FALSE) -> 41@grupolefarma.com.mx
B63: =+B62+1 -> 61 | C63: YAÑEZ MORENO ALMA YELLI | D63: 22 | E63: 2 | G63: =D63-E63 -> 20 | H63: =VLOOKUP(C63,Hoja2!A:B,2,FALSE) -> 1421162 | I63: =VLOOKUP(C63,Hoja2!A:C,3,FALSE) -> 1a15@asokam.mx | K63: YAÑEZ MORENO ALMA YELLY
B64: =+B63+1 -> 62 | C64: ZAMORA NUÑEZ FRANCISCO JAIRZINHIO | D64: 19 | G64: =D64-E64 -> 19 | H64: =VLOOKUP(C64,Hoja2!A:B,2,FALSE) -> 1420159 | I64: =VLOOKUP(C64,Hoja2!A:C,3,FALSE) -> 1a21@asokam.mx
B65: =+B64+1 -> 63 | C65: ZENDEJAS ARAIZA LESLY ISAMAR | D65: -10 | E65: 3 | G65: =D65-E65 -> -13 | H65: =VLOOKUP(C65,Hoja2!A:B,2,FALSE) -> 1418177 | I65: =VLOOKUP(C65,Hoja2!A:C,3,FALSE) -> 1a25@asokam.mx
B66: =+#REF!+1 -> #REF! | C66: AGUILAR CASTELLANOS ANGEL ABISAI | D66: -3 | G66: =D66-E66 -> -3 | H66: =VLOOKUP(C66,Hoja2!A:B,2,FALSE) -> 1013525 | I66: =VLOOKUP(C66,Hoja2!A:C,3,FALSE) -> cat3@artricenter.com.mx
B67: =+B66+1 -> #REF! | C67: AGUILERA DIAZ ERICK ISRAEL | D67: 11 | G67: =D67-E67 -> 11 | H67: =VLOOKUP(C67,Hoja2!A:B,2,FALSE) -> 1631236 | I67: =VLOOKUP(C67,Hoja2!A:C,3,FALSE) -> 42@grupolefarma.com.mx
B68: =+B67+1 -> #REF! | C68: ALONSO HERNANDEZ JUAN CARLOS | D68: 3 | G68: =D68-E68 -> 3 | H68: =VLOOKUP(C68,Hoja2!A:B,2,FALSE) -> 1430274 | I68: =VLOOKUP(C68,Hoja2!A:C,3,FALSE) -> 10@grupolefarma.com.mx
B69: =+B68+1 -> #REF! | C69: ALVAREZ GUEVARA MA LUCIA | D69: 46 | G69: =D69-E69 -> 46 | H69: =VLOOKUP(C69,Hoja2!A:B,2,FALSE) -> 1213020 | I69: =VLOOKUP(C69,Hoja2!A:C,3,FALSE) -> 3a900@artricenter.com.mx | K69: ALVAREZ GUEVARA MA. LUCIA
B70: =+B69+1 -> #REF! | C70: ANAYA PARTIDA ROCIO | D70: 6 | E70: 1 | G70: =D70-E70 -> 5 | H70: =VLOOKUP(C70,Hoja2!A:B,2,FALSE) -> 1211109 | I70: =VLOOKUP(C70,Hoja2!A:C,3,FALSE) -> 3a10@artricenter.com.mx
B71: =+B70+1 -> #REF! | C71: ARZATE RAMIREZ CLAUDIA | D71: 39 | E71: 1 | G71: =D71-E71 -> 38 | H71: =VLOOKUP(C71,Hoja2!A:B,2,FALSE) -> 1013010 | I71: =VLOOKUP(C71,Hoja2!A:C,3,FALSE) -> 1r900@artricenter.com.mx
B72: =+B71+1 -> #REF! | C72: BELLO LOPEZ EVA | D72: 11 | E72: 4 | G72: =D72-E72 -> 7 | H72: =VLOOKUP(C72,Hoja2!A:B,2,FALSE) -> 1313026 | I72: =VLOOKUP(C72,Hoja2!A:C,3,FALSE) -> 4v903@artricenter.com.mx
B73: =+B72+1 -> #REF! | C73: BELTRAN SANCHEZ BENJAMIN | D73: 28 | G73: =D73-E73 -> 28 | H73: =VLOOKUP(C73,Hoja2!A:B,2,FALSE) -> 1629197 | I73: =VLOOKUP(C73,Hoja2!A:C,3,FALSE) -> 21@grupolefarma.com.mx
B74: =+B73+1 -> #REF! | C74: BELTRAN VARGAS MARIANA | D74: -1 | G74: =D74-E74 -> -1 | H74: =VLOOKUP(C74,Hoja2!A:B,2,FALSE) -> 1015424 | I74: =VLOOKUP(C74,Hoja2!A:C,3,FALSE) -> cat11@artricenter.com.mx
B75: =+B74+1 -> #REF! | C75: BERNAL FRANCISCO IRERI | D75: -9 | G75: =D75-E75 -> -9 | H75: =VLOOKUP(C75,Hoja2!A:B,2,FALSE) -> 1530490 | I75: =VLOOKUP(C75,Hoja2!A:C,3,FALSE) -> 14@grupolefarma.com.mx
B76: =+B75+1 -> #REF! | C76: BRAVO QUIJANO MARIO GONZALO | D76: 0 | G76: =D76-E76 -> 0 | H76: =VLOOKUP(C76,Hoja2!A:B,2,FALSE) -> #N/A | I76: =VLOOKUP(C76,Hoja2!A:C,3,FALSE) -> #N/A | K76: baja
B77: =+B76+1 -> #REF! | C77: CALZADILLA COLUMBIE CIRA CIBELES | D77: 3 | G77: =D77-E77 -> 3 | H77: =VLOOKUP(C77,Hoja2!A:B,2,FALSE) -> 1211452 | I77: =VLOOKUP(C77,Hoja2!A:C,3,FALSE) -> 3a28@artricenter.com.mx | K77: CALZADILLA COLUMBIE CIR CIBELIS
B78: =+B77+1 -> #REF! | C78: CAMPOS HERNANDEZ FABIOLA ROCIO | D78: -3 | G78: =D78-E78 -> -3 | H78: =VLOOKUP(C78,Hoja2!A:B,2,FALSE) -> 1211518 | I78: =VLOOKUP(C78,Hoja2!A:C,3,FALSE) -> 3a25@artricenter.com.mx
B79: =+B78+1 -> #REF! | C79: CARREON CIRIACO ILSE WENDY | D79: 0 | G79: =D79-E79 -> 0 | H79: =VLOOKUP(C79,Hoja2!A:B,2,FALSE) -> 1311569 | I79: =VLOOKUP(C79,Hoja2!A:C,3,FALSE) -> 4v15@artricenter.com.mx
B80: =+B79+1 -> #REF! | C80: CHAVARRIA FLORES ADAN | D80: -5 | G80: =D80-E80 -> -5 | H80: =VLOOKUP(C80,Hoja2!A:B,2,FALSE) -> 1631235 | I80: =VLOOKUP(C80,Hoja2!A:C,3,FALSE) -> 24@grupolefarma.com.mx
B81: =+B80+1 -> #REF! | C81: CHAVEZ ARZATE VIOLETA | D81: 7 | E81: 1 | G81: =D81-E81 -> 6 | H81: =VLOOKUP(C81,Hoja2!A:B,2,FALSE) -> 1212119 | I81: =VLOOKUP(C81,Hoja2!A:C,3,FALSE) -> 3a13@artricenter.com.mx
B82: =+B81+1 -> #REF! | C82: COLIN PEREZ RICARDO | D82: -10 | E82: 1 | G82: =D82-E82 -> -11 | H82: =VLOOKUP(C82,Hoja2!A:B,2,FALSE) -> 1228509 | I82: =VLOOKUP(C82,Hoja2!A:C,3,FALSE) -> 3a20@artricenter.com.mx
B83: =+B82+1 -> #REF! | C83: CORONA JUSTO DANIELA | D83: 21 | G83: =D83-E83 -> 21 | H83: =VLOOKUP(C83,Hoja2!A:B,2,FALSE) -> 1111084 | I83: =VLOOKUP(C83,Hoja2!A:C,3,FALSE) -> 2z11@artricenter.com.mx
B84: =+B83+1 -> #REF! | C84: CORTES MEJIA NOE | D84: 27 | E84: 1 | G84: =D84-E84 -> 26 | H84: =VLOOKUP(C84,Hoja2!A:B,2,FALSE) -> 1629200 | I84: =VLOOKUP(C84,Hoja2!A:C,3,FALSE) -> 7@grupolefarma.com.mx
B85: =+B84+1 -> #REF! | C85: CRUZ BRISEÑO GERARDO | D85: 27 | G85: =D85-E85 -> 27 | H85: =VLOOKUP(C85,Hoja2!A:B,2,FALSE) -> 1629198 | I85: =VLOOKUP(C85,Hoja2!A:C,3,FALSE) -> 22@grupolefarma.com.mx
B86: =+B85+1 -> #REF! | C86: CRUZ ILLESCAS OSCAR EMIR | D86: 15 | E86: 1 | G86: =D86-E86 -> 14 | H86: =VLOOKUP(C86,Hoja2!A:B,2,FALSE) -> 1530211 | I86: =VLOOKUP(C86,Hoja2!A:C,3,FALSE) -> 52@grupolefarma.com.mx
B87: =+B86+1 -> #REF! | C87: CRUZ NARANJO ERIKA YAZMIN | D87: 0 | G87: =D87-E87 -> 0 | H87: =VLOOKUP(C87,Hoja2!A:B,2,FALSE) -> 1228457 | I87: =VLOOKUP(C87,Hoja2!A:C,3,FALSE) -> 3a904@artricenter.com.mx
B88: =+B87+1 -> #REF! | C88: DE LA CONCHA ROMERO MARCIAL FIDEL | D88: 33 | E88: 2 | G88: =D88-E88 -> 31 | H88: =VLOOKUP(C88,Hoja2!A:B,2,FALSE) -> 1114042 | I88: =VLOOKUP(C88,Hoja2!A:C,3,FALSE) -> cc23@artricenter.com.mx
B89: =+B88+1 -> #REF! | C89: DE LA CRUZ FERNANDO JOSE | D89: 10 | G89: =D89-E89 -> 10 | H89: =VLOOKUP(C89,Hoja2!A:B,2,FALSE) -> 1028124 | I89: =VLOOKUP(C89,Hoja2!A:C,3,FALSE) -> 2z28@artricenter.com.mx
B90: =+B89+1 -> #REF! | C90: DELGADO RANGEL LUIS EDUARDO | D90: 1 | G90: =D90-E90 -> 1 | H90: =VLOOKUP(C90,Hoja2!A:B,2,FALSE) -> 1214449 | I90: =VLOOKUP(C90,Hoja2!A:C,3,FALSE) -> 3a22@artricenter.com.mx
B91: =+B90+1 -> #REF! | C91: DELGADO REYES ARELI | D91: -9 | G91: =D91-E91 -> -9 | H91: =VLOOKUP(C91,Hoja2!A:B,2,FALSE) -> 1011509 | I91: =VLOOKUP(C91,Hoja2!A:C,3,FALSE) -> 1r27@artricenter.com.mx
B92: =+B91+1 -> #REF! | C92: DELGADO TRUJILLO SANDRA LUZ | D92: 16 | E92: 4 | G92: =D92-E92 -> 12 | H92: =VLOOKUP(C92,Hoja2!A:B,2,FALSE) -> 1123192 | I92: =VLOOKUP(C92,Hoja2!A:C,3,FALSE) -> 1cm11@construmedika.com
B93: =+B92+1 -> #REF! | C93: DIAZ MARTINEZ MONICA GUADALUPE | D93: 0 | G93: =D93-E93 -> 0 | H93: =VLOOKUP(C93,Hoja2!A:B,2,FALSE) -> 1010565 | I93: =VLOOKUP(C93,Hoja2!A:C,3,FALSE) -> 1r11@artricenter.com.mx
B94: =+B93+1 -> #REF! | C94: ESCALANTE RODRIGUEZ ALONDRA LIZBETH | D94: -9 | G94: =D94-E94 -> -9 | H94: =VLOOKUP(C94,Hoja2!A:B,2,FALSE) -> 1210512 | I94: =VLOOKUP(C94,Hoja2!A:C,3,FALSE) -> 3a19@artricenter.com.mx
B95: =+B94+1 -> #REF! | C95: ESPINO MARTINEZ JUANA | D95: 10 | G95: =D95-E95 -> 10 | H95: =VLOOKUP(C95,Hoja2!A:B,2,FALSE) -> 1328221 | I95: =VLOOKUP(C95,Hoja2!A:C,3,FALSE) -> 4v904@artricenter.com.mx
B96: =+B95+1 -> #REF! | C96: FERNANDEZ PORTELLES ALEXANDER | D96: 42 | E96: 2 | G96: =D96-E96 -> 40 | H96: =VLOOKUP(C96,Hoja2!A:B,2,FALSE) -> 1111074 | I96: =VLOOKUP(C96,Hoja2!A:C,3,FALSE) -> 2z12@artricenter.com.mx
B97: =+B96+1 -> #REF! | C97: FLORES CLIMACO JOSE ELOY | D97: 10 | G97: =D97-E97 -> 10 | H97: =VLOOKUP(C97,Hoja2!A:B,2,FALSE) -> 1123190 | I97: =VLOOKUP(C97,Hoja2!A:C,3,FALSE) -> 1cm903@construmedika.com
B98: =+B97+1 -> #REF! | C98: FLORES ESCOGIDO JESSICA ARELY | D98: 18 | E98: 1 | G98: =D98-E98 -> 17 | H98: =VLOOKUP(C98,Hoja2!A:B,2,FALSE) -> 1015029 | I98: =VLOOKUP(C98,Hoja2!A:C,3,FALSE) -> cat2@artricenter.com.mx
B99: =+B98+1 -> #REF! | C99: FLORES GALLEGOS GABRIELA | D99: 2 | G99: =D99-E99 -> 2 | H99: =VLOOKUP(C99,Hoja2!A:B,2,FALSE) -> 1114323 | I99: =VLOOKUP(C99,Hoja2!A:C,3,FALSE) -> cc27@artricenter.com.mx
B100: =+B99+1 -> #REF! | C100: FLORES TORRES HERIBERTO | D100: 46 | G100: =D100-E100 -> 46 | H100: =VLOOKUP(C100,Hoja2!A:B,2,FALSE) -> 1128195 | I100: =VLOOKUP(C100,Hoja2!A:C,3,FALSE) -> 4@grupolefarma.com.mx
...

Sheet Hoja2
A1: (No column name) | B1: nomina | C1: correo
A2: CORTES MEJIA NOE | B2: 1629200 | C2: 7@grupolefarma.com.mx
A3: CAZARES GONZALEZ YANET | B3: 1417152 | C3: 1a26@asokam.mx
A4: ZENDEJAS ARAIZA LESLY ISAMAR | B4: 1418177 | C4: 1a25@asokam.mx
A5: TORIJA NIETO ROBERTO | B5: 1419172 | C5: 1a129@asokam.mx
A6: POZO URQUIZO LUIS ANTONIO | B6: 1422149 | C6: 1a1@asokam.mx
A7: LOPEZ PEREZ EMMANUEL | B7: 1422153 | C7: 1a42@asokam.mx
A8: SANTANA ALCANTARA ERIK | B8: 1422180 | C8: 33@grupolefarma.com.mx
A9: ROJAS GUERRA OLGA | B9: 1428179 | C9: 1a900@asokam.mx
A10: GUTIERREZ ESPINOSA ADRIANA | B10: 1627181 | C10: 43@grupolefarma.com.mx
A11: GASCA HINOJOSA DANIEL | B11: 1627212 | C11: 40@grupolefarma.com.mx
A12: HERNANDEZ ROSALES MARIA DE LOS ANGELES | B12: 1422148 | C12: 5@grupolefarma.com.mx
A13: VELAZQUEZ VILLEGAS DANIEL WILFRIDO | B13: 1127216 | C13: 26@grupolefarma.com.mx
... A209: MENDEZ HERNANDEZ LILIA ITZEL | B209: 1420589 | C209: NULL
